filename,n_subimgs,width,height,import_time,filters_time,export_time,
images/original/051009.vince.gif,1.000000,1484.000000,913.000000,0.039214,0.140936,0.206881,
images/original/1.gif,10.000000,500.000000,500.000000,0.037298,0.565810,0.144464,
images/original/200_s.gif,1.000000,200.000000,200.000000,0.001664,0.019599,0.001638,
images/original/9815573.gif,10.000000,500.000000,281.000000,0.019746,0.269655,0.095068,
images/original/australian-flag-large.gif,1.000000,1200.000000,600.000000,0.007448,0.108555,0.022406,
images/original/Campusplan-Hausnr.gif,1.000000,9932.000000,7016.000000,0.605448,10.911859,0.851408,
images/original/Campusplan-Mobilitaetsbeschraenkte.gif,1.000000,9933.000000,7016.000000,0.596276,10.892668,2.459191,
images/original/fire.gif,33.000000,30.000000,60.000000,0.003947,0.019386,0.005570,
images/original/frame_002.gif,1.000000,585.000000,450.000000,0.003802,0.045694,0.003961,
images/original/giphy-3.gif,5.000000,1920.000000,1080.000000,0.124462,2.061169,1.178955,
images/original/Mandelbrot-large.gif,20.000000,1200.000000,1200.000000,0.233798,6.836510,2.189690,
images/original/porsche.gif,1.000000,320.000000,200.000000,0.002469,0.018973,0.002821,
images/original/Produits_sous_linux.gif,1.000000,800.000000,950.000000,0.016058,0.117464,0.009661,
images/original/TimelyHugeGnu.gif,19.000000,640.000000,360.000000,0.067178,0.978856,0.406330,
images/original/tumblr_myxlbtwVEb1qzt4vjo1_r14_500_large.gif,10.000000,480.000000,480.000000,0.042687,0.469193,0.445904,
images/original/051009.vince.gif,1.000000,1484.000000,913.000000,0.026801,0.153080,0.206731,
images/original/1.gif,10.000000,500.000000,500.000000,0.045283,0.570213,0.144594,
images/original/200_s.gif,1.000000,200.000000,200.000000,0.001193,0.011074,0.001513,
images/original/9815573.gif,10.000000,500.000000,281.000000,0.032447,0.273854,0.096396,
images/original/australian-flag-large.gif,1.000000,1200.000000,600.000000,0.005287,0.103225,0.022232,
images/original/Campusplan-Hausnr.gif,1.000000,9932.000000,7016.000000,0.604678,10.899501,0.863179,
images/original/Campusplan-Mobilitaetsbeschraenkte.gif,1.000000,9933.000000,7016.000000,0.625216,10.928253,2.471798,
images/original/fire.gif,33.000000,30.000000,60.000000,0.003011,0.026391,0.005616,
images/original/frame_002.gif,1.000000,585.000000,450.000000,0.007999,0.047798,0.004281,
images/original/giphy-3.gif,5.000000,1920.000000,1080.000000,0.107203,2.058602,0.895746,
images/original/Mandelbrot-large.gif,20.000000,1200.000000,1200.000000,0.232265,6.837496,2.186739,
images/original/porsche.gif,1.000000,320.000000,200.000000,0.002281,0.024889,0.002576,
images/original/Produits_sous_linux.gif,1.000000,800.000000,950.000000,0.016293,0.120216,0.010502,
images/original/TimelyHugeGnu.gif,19.000000,640.000000,360.000000,0.071789,0.974872,0.430611,
images/original/tumblr_myxlbtwVEb1qzt4vjo1_r14_500_large.gif,10.000000,480.000000,480.000000,0.024281,0.492274,0.443855,
images/original/051009.vince.gif,1.000000,1484.000000,913.000000,0.033280,0.140954,0.207613,
images/original/1.gif,10.000000,500.000000,500.000000,0.030535,0.574346,0.144729,
images/original/200_s.gif,1.000000,200.000000,200.000000,0.000973,0.014287,0.001503,
images/original/9815573.gif,10.000000,500.000000,281.000000,0.018019,0.273878,0.096386,
images/original/australian-flag-large.gif,1.000000,1200.000000,600.000000,0.005419,0.109878,0.019932,
images/original/Campusplan-Hausnr.gif,1.000000,9932.000000,7016.000000,0.609576,10.930069,0.854778,
images/original/Campusplan-Mobilitaetsbeschraenkte.gif,1.000000,9933.000000,7016.000000,0.619285,10.911547,2.453796,
images/original/fire.gif,33.000000,30.000000,60.000000,0.003088,0.019184,0.005339,
images/original/frame_002.gif,1.000000,585.000000,450.000000,0.005855,0.050863,0.004011,
images/original/giphy-3.gif,5.000000,1920.000000,1080.000000,0.107031,2.067769,0.894308,
images/original/Mandelbrot-large.gif,20.000000,1200.000000,1200.000000,0.314101,7.058150,2.189093,
images/original/porsche.gif,1.000000,320.000000,200.000000,0.002456,0.021680,0.003955,
images/original/Produits_sous_linux.gif,1.000000,800.000000,950.000000,0.010093,0.126786,0.010346,
images/original/TimelyHugeGnu.gif,19.000000,640.000000,360.000000,0.063764,0.970424,0.408716,
images/original/tumblr_myxlbtwVEb1qzt4vjo1_r14_500_large.gif,10.000000,480.000000,480.000000,0.034016,0.480242,0.446790,
images/original/051009.vince.gif,1.000000,1484.000000,913.000000,0.031270,0.148250,0.206924,
images/original/1.gif,10.000000,500.000000,500.000000,0.036645,0.567369,0.145602,
images/original/200_s.gif,1.000000,200.000000,200.000000,0.001038,0.024504,0.001354,
images/original/9815573.gif,10.000000,500.000000,281.000000,0.019476,0.274621,0.095911,
images/original/australian-flag-large.gif,1.000000,1200.000000,600.000000,0.005402,0.102112,0.019487,
images/original/Campusplan-Hausnr.gif,1.000000,9932.000000,7016.000000,0.597624,10.935003,0.849297,
images/original/Campusplan-Mobilitaetsbeschraenkte.gif,1.000000,9933.000000,7016.000000,0.621280,10.891844,2.452707,
images/original/fire.gif,33.000000,30.000000,60.000000,0.001657,0.020900,0.002853,
images/original/frame_002.gif,1.000000,585.000000,450.000000,0.004495,0.050647,0.004042,
images/original/giphy-3.gif,5.000000,1920.000000,1080.000000,0.117586,2.066893,0.894186,
images/original/Mandelbrot-large.gif,20.000000,1200.000000,1200.000000,0.231674,6.815136,2.182135,
images/original/porsche.gif,1.000000,320.000000,200.000000,0.001300,0.012387,0.002468,
images/original/Produits_sous_linux.gif,1.000000,800.000000,950.000000,0.016979,0.118708,0.010342,
images/original/TimelyHugeGnu.gif,19.000000,640.000000,360.000000,0.068662,0.975389,0.410310,
images/original/tumblr_myxlbtwVEb1qzt4vjo1_r14_500_large.gif,10.000000,480.000000,480.000000,0.033842,0.484309,0.447924,
images/original/051009.vince.gif,1.000000,1484.000000,913.000000,0.037269,0.143821,0.206810,
images/original/1.gif,10.000000,500.000000,500.000000,0.024980,0.568822,0.144362,
images/original/200_s.gif,1.000000,200.000000,200.000000,0.000821,0.022422,0.001450,
images/original/9815573.gif,10.000000,500.000000,281.000000,0.017837,0.271271,0.095340,
images/original/australian-flag-large.gif,1.000000,1200.000000,600.000000,0.021130,0.110458,0.019669,
images/original/Campusplan-Hausnr.gif,1.000000,9932.000000,7016.000000,0.595764,10.903495,0.855930,
images/original/Campusplan-Mobilitaetsbeschraenkte.gif,1.000000,9933.000000,7016.000000,0.620703,10.933296,2.475198,
images/original/fire.gif,33.000000,30.000000,60.000000,0.001479,0.024511,0.002889,
images/original/frame_002.gif,1.000000,585.000000,450.000000,0.004097,0.041523,0.004072,
images/original/giphy-3.gif,5.000000,1920.000000,1080.000000,0.120094,2.062316,0.893875,
images/original/Mandelbrot-large.gif,20.000000,1200.000000,1200.000000,0.244077,6.860630,2.180317,
images/original/porsche.gif,1.000000,320.000000,200.000000,0.002508,0.019392,0.003380,
images/original/Produits_sous_linux.gif,1.000000,800.000000,950.000000,0.009433,0.117920,0.010427,
images/original/TimelyHugeGnu.gif,19.000000,640.000000,360.000000,0.066966,0.975419,0.407078,
images/original/tumblr_myxlbtwVEb1qzt4vjo1_r14_500_large.gif,10.000000,480.000000,480.000000,0.055100,0.473782,0.445736,
images/original/051009.vince.gif,1.000000,1484.000000,913.000000,0.023447,0.148742,0.207995,
images/original/1.gif,10.000000,500.000000,500.000000,0.032998,0.577598,0.144703,
images/original/200_s.gif,1.000000,200.000000,200.000000,0.000821,0.013287,0.001534,
images/original/9815573.gif,10.000000,500.000000,281.000000,0.026120,0.269379,0.095568,
images/original/australian-flag-large.gif,1.000000,1200.000000,600.000000,0.007368,0.108210,0.019383,
images/original/Campusplan-Hausnr.gif,1.000000,9932.000000,7016.000000,0.602888,10.906696,0.852758,
images/original/Campusplan-Mobilitaetsbeschraenkte.gif,1.000000,9933.000000,7016.000000,0.623056,10.904162,2.453673,
images/original/fire.gif,33.000000,30.000000,60.000000,0.002375,0.027534,0.003086,
images/original/frame_002.gif,1.000000,585.000000,450.000000,0.004911,0.053048,0.003947,
images/original/giphy-3.gif,5.000000,1920.000000,1080.000000,0.118350,2.063164,0.894538,
images/original/Mandelbrot-large.gif,20.000000,1200.000000,1200.000000,0.231496,6.847823,2.188212,
images/original/porsche.gif,1.000000,320.000000,200.000000,0.002155,0.021941,0.002944,
images/original/Produits_sous_linux.gif,1.000000,800.000000,950.000000,0.015068,0.120359,0.010634,
images/original/TimelyHugeGnu.gif,19.000000,640.000000,360.000000,0.082343,0.983193,0.408364,
images/original/tumblr_myxlbtwVEb1qzt4vjo1_r14_500_large.gif,10.000000,480.000000,480.000000,0.038514,0.477671,0.442911,
images/original/051009.vince.gif,1.000000,1484.000000,913.000000,0.026654,0.144692,0.206869,
images/original/1.gif,10.000000,500.000000,500.000000,0.052702,0.563920,0.144828,
images/original/200_s.gif,1.000000,200.000000,200.000000,0.000993,0.021920,0.001806,
images/original/9815573.gif,10.000000,500.000000,281.000000,0.031059,0.268492,0.096117,
images/original/australian-flag-large.gif,1.000000,1200.000000,600.000000,0.009277,0.115647,0.019683,
images/original/Campusplan-Hausnr.gif,1.000000,9932.000000,7016.000000,0.596214,10.892621,0.854609,
images/original/Campusplan-Mobilitaetsbeschraenkte.gif,1.000000,9933.000000,7016.000000,0.620521,10.882495,2.469557,
images/original/fire.gif,33.000000,30.000000,60.000000,0.001438,0.019597,0.002685,
images/original/frame_002.gif,1.000000,585.000000,450.000000,0.007918,0.054194,0.004431,
images/original/giphy-3.gif,5.000000,1920.000000,1080.000000,0.131640,2.072142,0.892981,
images/original/Mandelbrot-large.gif,20.000000,1200.000000,1200.000000,0.240333,6.833136,2.180769,
images/original/porsche.gif,1.000000,320.000000,200.000000,0.002368,0.017967,0.003293,
images/original/Produits_sous_linux.gif,1.000000,800.000000,950.000000,0.021134,0.122159,0.011042,
images/original/TimelyHugeGnu.gif,19.000000,640.000000,360.000000,0.074395,0.981899,0.406864,
images/original/tumblr_myxlbtwVEb1qzt4vjo1_r14_500_large.gif,10.000000,480.000000,480.000000,0.047790,0.488606,0.446410,
images/original/051009.vince.gif,1.000000,1484.000000,913.000000,0.038700,0.147757,0.207088,
images/original/1.gif,10.000000,500.000000,500.000000,0.051569,0.562234,0.148035,
images/original/200_s.gif,1.000000,200.000000,200.000000,0.001018,0.014497,0.001513,
images/original/9815573.gif,10.000000,500.000000,281.000000,0.022178,0.268089,0.095716,
images/original/australian-flag-large.gif,1.000000,1200.000000,600.000000,0.005751,0.102575,0.019669,
images/original/Campusplan-Hausnr.gif,1.000000,9932.000000,7016.000000,0.403730,10.323834,0.847495,
images/original/Campusplan-Mobilitaetsbeschraenkte.gif,1.000000,9933.000000,7016.000000,0.412142,10.199153,2.447030,
images/original/fire.gif,33.000000,30.000000,60.000000,0.003524,0.018561,0.004655,
images/original/frame_002.gif,1.000000,585.000000,450.000000,0.004452,0.051371,0.003964,
images/original/giphy-3.gif,5.000000,1920.000000,1080.000000,0.149320,2.236245,0.894019,
images/original/Mandelbrot-large.gif,20.000000,1200.000000,1200.000000,0.284245,7.388483,2.176089,
images/original/porsche.gif,1.000000,320.000000,200.000000,0.002501,0.019279,0.003008,
images/original/Produits_sous_linux.gif,1.000000,800.000000,950.000000,0.006668,0.111412,0.010346,
images/original/TimelyHugeGnu.gif,19.000000,640.000000,360.000000,0.079825,0.978023,0.408611,
images/original/tumblr_myxlbtwVEb1qzt4vjo1_r14_500_large.gif,10.000000,480.000000,480.000000,0.047032,0.483787,0.444371,
images/original/051009.vince.gif,1.000000,1484.000000,913.000000,0.024856,0.143025,0.206424,
images/original/1.gif,10.000000,500.000000,500.000000,0.048171,0.569734,0.144641,
images/original/200_s.gif,1.000000,200.000000,200.000000,0.000796,0.025477,0.001398,
images/original/9815573.gif,10.000000,500.000000,281.000000,0.032159,0.278415,0.095528,
images/original/australian-flag-large.gif,1.000000,1200.000000,600.000000,0.019043,0.114278,0.020460,
images/original/Campusplan-Hausnr.gif,1.000000,9932.000000,7016.000000,0.407093,10.264726,0.866533,
images/original/Campusplan-Mobilitaetsbeschraenkte.gif,1.000000,9933.000000,7016.000000,0.412493,10.213894,2.444785,
images/original/fire.gif,33.000000,30.000000,60.000000,0.002508,0.021049,0.003462,
images/original/frame_002.gif,1.000000,585.000000,450.000000,0.003692,0.052524,0.004100,
images/original/giphy-3.gif,5.000000,1920.000000,1080.000000,0.149762,2.246790,0.887015,
images/original/Mandelbrot-large.gif,20.000000,1200.000000,1200.000000,0.208715,6.893767,2.149872,
images/original/porsche.gif,1.000000,320.000000,200.000000,0.001955,0.022419,0.002274,
images/original/Produits_sous_linux.gif,1.000000,800.000000,950.000000,0.015320,0.136708,0.010507,
images/original/TimelyHugeGnu.gif,19.000000,640.000000,360.000000,0.078331,0.973657,0.409318,
images/original/tumblr_myxlbtwVEb1qzt4vjo1_r14_500_large.gif,10.000000,480.000000,480.000000,0.038817,0.487478,0.444523,
images/original/051009.vince.gif,1.000000,1484.000000,913.000000,0.015601,0.148436,0.207123,
images/original/1.gif,10.000000,500.000000,500.000000,0.024515,0.561067,0.144778,
images/original/200_s.gif,1.000000,200.000000,200.000000,0.001628,0.027906,0.001996,
images/original/9815573.gif,10.000000,500.000000,281.000000,0.025353,0.271551,0.095165,
images/original/australian-flag-large.gif,1.000000,1200.000000,600.000000,0.013724,0.110868,0.019708,
images/original/Campusplan-Hausnr.gif,1.000000,9932.000000,7016.000000,0.404264,10.341904,0.849436,
images/original/Campusplan-Mobilitaetsbeschraenkte.gif,1.000000,9933.000000,7016.000000,0.398775,10.232062,2.464327,
images/original/fire.gif,33.000000,30.000000,60.000000,0.002497,0.025063,0.004690,
images/original/frame_002.gif,1.000000,585.000000,450.000000,0.002290,0.046477,0.004045,
images/original/giphy-3.gif,5.000000,1920.000000,1080.000000,0.128152,2.085636,0.895378,
images/original/Mandelbrot-large.gif,20.000000,1200.000000,1200.000000,0.231377,7.007992,2.132955,
images/original/porsche.gif,1.000000,320.000000,200.000000,0.002022,0.012099,0.002073,
images/original/Produits_sous_linux.gif,1.000000,800.000000,950.000000,0.006877,0.120069,0.010636,
images/original/TimelyHugeGnu.gif,19.000000,640.000000,360.000000,0.069126,0.993699,0.405885,
images/original/tumblr_myxlbtwVEb1qzt4vjo1_r14_500_large.gif,10.000000,480.000000,480.000000,0.051795,0.534273,0.446667,
images/original/051009.vince.gif,1.000000,1484.000000,913.000000,0.027994,0.145506,0.206381,
images/original/1.gif,10.000000,500.000000,500.000000,0.038251,0.578972,0.144452,
images/original/200_s.gif,1.000000,200.000000,200.000000,0.001662,0.025153,0.001512,
images/original/9815573.gif,10.000000,500.000000,281.000000,0.038206,0.298797,0.095289,
images/original/australian-flag-large.gif,1.000000,1200.000000,600.000000,0.008277,0.111536,0.019484,
images/original/Campusplan-Hausnr.gif,1.000000,9932.000000,7016.000000,0.479885,10.397355,0.843510,
images/original/Campusplan-Mobilitaetsbeschraenkte.gif,1.000000,9933.000000,7016.000000,0.393415,10.376745,2.447072,
images/original/fire.gif,33.000000,30.000000,60.000000,0.001281,0.013931,0.002565,
images/original/frame_002.gif,1.000000,585.000000,450.000000,0.002634,0.040755,0.004285,
images/original/giphy-3.gif,5.000000,1920.000000,1080.000000,0.106440,2.092716,0.895763,
images/original/Mandelbrot-large.gif,20.000000,1200.000000,1200.000000,0.229768,6.909284,2.164691,
images/original/porsche.gif,1.000000,320.000000,200.000000,0.000974,0.016400,0.002100,
images/original/Produits_sous_linux.gif,1.000000,800.000000,950.000000,0.006607,0.116483,0.009970,
images/original/TimelyHugeGnu.gif,19.000000,640.000000,360.000000,0.080233,0.972382,0.408697,
images/original/tumblr_myxlbtwVEb1qzt4vjo1_r14_500_large.gif,10.000000,480.000000,480.000000,0.046953,0.490233,0.438430,
images/original/051009.vince.gif,1.000000,1484.000000,913.000000,0.021574,0.144572,0.207271,
images/original/1.gif,10.000000,500.000000,500.000000,0.049355,0.585352,0.144967,
images/original/200_s.gif,1.000000,200.000000,200.000000,0.000658,0.025888,0.001226,
images/original/9815573.gif,10.000000,500.000000,281.000000,0.030216,0.279145,0.096332,
images/original/australian-flag-large.gif,1.000000,1200.000000,600.000000,0.013634,0.113245,0.019870,
images/original/Campusplan-Hausnr.gif,1.000000,9932.000000,7016.000000,0.387487,10.275976,0.855023,
images/original/Campusplan-Mobilitaetsbeschraenkte.gif,1.000000,9933.000000,7016.000000,0.400842,10.356848,2.461048,
images/original/fire.gif,33.000000,30.000000,60.000000,0.002613,0.026987,0.004358,
images/original/frame_002.gif,1.000000,585.000000,450.000000,0.004685,0.045051,0.004405,
images/original/giphy-3.gif,5.000000,1920.000000,1080.000000,0.130459,2.070758,0.893288,
images/original/Mandelbrot-large.gif,20.000000,1200.000000,1200.000000,0.253352,6.807823,2.203913,
images/original/porsche.gif,1.000000,320.000000,200.000000,0.002178,0.019233,0.003055,
images/original/Produits_sous_linux.gif,1.000000,800.000000,950.000000,0.014504,0.119096,0.010532,
images/original/TimelyHugeGnu.gif,19.000000,640.000000,360.000000,0.060515,0.975313,0.408997,
images/original/tumblr_myxlbtwVEb1qzt4vjo1_r14_500_large.gif,10.000000,480.000000,480.000000,0.045756,0.478457,0.446931,
images/original/051009.vince.gif,1.000000,1484.000000,913.000000,0.028269,0.153608,0.207692,
images/original/1.gif,10.000000,500.000000,500.000000,0.051330,0.580951,0.144363,
images/original/200_s.gif,1.000000,200.000000,200.000000,0.000943,0.022694,0.001463,
images/original/9815573.gif,10.000000,500.000000,281.000000,0.028790,0.272132,0.096157,
images/original/australian-flag-large.gif,1.000000,1200.000000,600.000000,0.018578,0.116734,0.019774,
images/original/Campusplan-Hausnr.gif,1.000000,9932.000000,7016.000000,0.614367,10.943942,0.856349,
images/original/Campusplan-Mobilitaetsbeschraenkte.gif,1.000000,9933.000000,7016.000000,0.613077,10.897603,2.467992,
images/original/fire.gif,33.000000,30.000000,60.000000,0.001406,0.019001,0.002767,
images/original/frame_002.gif,1.000000,585.000000,450.000000,0.004636,0.052078,0.004166,
images/original/giphy-3.gif,5.000000,1920.000000,1080.000000,0.114002,2.062316,0.893098,
images/original/Mandelbrot-large.gif,20.000000,1200.000000,1200.000000,0.250582,6.828892,2.183784,
images/original/porsche.gif,1.000000,320.000000,200.000000,0.001139,0.012573,0.001938,
images/original/Produits_sous_linux.gif,1.000000,800.000000,950.000000,0.011155,0.119193,0.010200,
images/original/TimelyHugeGnu.gif,19.000000,640.000000,360.000000,0.061475,0.972901,0.412616,
images/original/tumblr_myxlbtwVEb1qzt4vjo1_r14_500_large.gif,10.000000,480.000000,480.000000,0.035751,0.485543,0.447038,
images/original/051009.vince.gif,1.000000,1484.000000,913.000000,0.039562,0.149405,0.206630,
images/original/1.gif,10.000000,500.000000,500.000000,0.027641,0.569307,0.144147,
images/original/200_s.gif,1.000000,200.000000,200.000000,0.001889,0.028677,0.001691,
images/original/9815573.gif,10.000000,500.000000,281.000000,0.034347,0.273027,0.096181,
images/original/australian-flag-large.gif,1.000000,1200.000000,600.000000,0.018462,0.116160,0.022423,
images/original/Campusplan-Hausnr.gif,1.000000,9932.000000,7016.000000,0.593904,10.917654,0.845949,
images/original/Campusplan-Mobilitaetsbeschraenkte.gif,1.000000,9933.000000,7016.000000,0.599322,10.890076,2.468640,
images/original/fire.gif,33.000000,30.000000,60.000000,0.002740,0.017453,0.005444,
images/original/frame_002.gif,1.000000,585.000000,450.000000,0.007440,0.056439,0.004259,
images/original/giphy-3.gif,5.000000,1920.000000,1080.000000,0.113338,2.075429,0.895048,
images/original/Mandelbrot-large.gif,20.000000,1200.000000,1200.000000,0.297715,6.857066,2.183001,
images/original/porsche.gif,1.000000,320.000000,200.000000,0.001409,0.016301,0.001755,
images/original/Produits_sous_linux.gif,1.000000,800.000000,950.000000,0.014547,0.122480,0.010257,
images/original/TimelyHugeGnu.gif,19.000000,640.000000,360.000000,0.075684,1.002979,0.407191,
images/original/tumblr_myxlbtwVEb1qzt4vjo1_r14_500_large.gif,10.000000,480.000000,480.000000,0.037010,0.483593,0.446329,
images/original/051009.vince.gif,1.000000,1484.000000,913.000000,0.022146,0.150381,0.216378,
images/original/1.gif,10.000000,500.000000,500.000000,0.025880,0.562358,0.146396,
images/original/200_s.gif,1.000000,200.000000,200.000000,0.001127,0.016638,0.001547,
images/original/9815573.gif,10.000000,500.000000,281.000000,0.024076,0.267145,0.095836,
images/original/australian-flag-large.gif,1.000000,1200.000000,600.000000,0.007579,0.109685,0.019568,
images/original/Campusplan-Hausnr.gif,1.000000,9932.000000,7016.000000,0.722407,11.101007,0.854386,
images/original/Campusplan-Mobilitaetsbeschraenkte.gif,1.000000,9933.000000,7016.000000,0.622106,10.895209,2.460102,
images/original/fire.gif,33.000000,30.000000,60.000000,0.001711,0.022029,0.003643,
images/original/frame_002.gif,1.000000,585.000000,450.000000,0.007653,0.053925,0.004942,
images/original/giphy-3.gif,5.000000,1920.000000,1080.000000,0.124726,2.071290,0.894528,
images/original/Mandelbrot-large.gif,20.000000,1200.000000,1200.000000,0.254371,6.829564,2.182076,
images/original/porsche.gif,1.000000,320.000000,200.000000,0.001881,0.021592,0.002511,
images/original/Produits_sous_linux.gif,1.000000,800.000000,950.000000,0.015216,0.119130,0.010702,
images/original/TimelyHugeGnu.gif,19.000000,640.000000,360.000000,0.060868,0.971487,0.407493,
images/original/tumblr_myxlbtwVEb1qzt4vjo1_r14_500_large.gif,10.000000,480.000000,480.000000,0.039988,0.478603,0.447077,
images/original/051009.vince.gif,1.000000,1484.000000,913.000000,0.022216,0.146693,0.206848,
images/original/1.gif,10.000000,500.000000,500.000000,0.054055,0.560789,0.144964,
images/original/200_s.gif,1.000000,200.000000,200.000000,0.001630,0.022126,0.001921,
images/original/9815573.gif,10.000000,500.000000,281.000000,0.041553,0.272775,0.102640,
images/original/australian-flag-large.gif,1.000000,1200.000000,600.000000,0.014801,0.107129,0.027952,
images/original/Campusplan-Hausnr.gif,1.000000,9932.000000,7016.000000,0.396791,10.218174,0.837280,
images/original/Campusplan-Mobilitaetsbeschraenkte.gif,1.000000,9933.000000,7016.000000,0.397985,10.260091,2.440666,
images/original/fire.gif,33.000000,30.000000,60.000000,0.002591,0.020893,0.004708,
images/original/frame_002.gif,1.000000,585.000000,450.000000,0.006506,0.059849,0.004617,
images/original/giphy-3.gif,5.000000,1920.000000,1080.000000,0.127665,2.103294,0.887752,
images/original/Mandelbrot-large.gif,20.000000,1200.000000,1200.000000,0.227810,6.911524,2.143151,
images/original/porsche.gif,1.000000,320.000000,200.000000,0.002109,0.022619,0.003085,
images/original/Produits_sous_linux.gif,1.000000,800.000000,950.000000,0.015340,0.125171,0.010865,
images/original/TimelyHugeGnu.gif,19.000000,640.000000,360.000000,0.082116,0.969705,0.406997,
images/original/tumblr_myxlbtwVEb1qzt4vjo1_r14_500_large.gif,10.000000,480.000000,480.000000,0.038521,0.479296,0.445659,
images/original/051009.vince.gif,1.000000,1484.000000,913.000000,0.032305,0.147634,0.206392,
images/original/1.gif,10.000000,500.000000,500.000000,0.036540,0.562775,0.145051,
images/original/200_s.gif,1.000000,200.000000,200.000000,0.001246,0.022429,0.001657,
images/original/9815573.gif,10.000000,500.000000,281.000000,0.017882,0.272179,0.096084,
images/original/australian-flag-large.gif,1.000000,1200.000000,600.000000,0.007699,0.113985,0.020121,
images/original/Campusplan-Hausnr.gif,1.000000,9932.000000,7016.000000,0.609813,10.925030,0.855461,
images/original/Campusplan-Mobilitaetsbeschraenkte.gif,1.000000,9933.000000,7016.000000,0.618878,10.906852,2.457431,
images/original/fire.gif,33.000000,30.000000,60.000000,0.005752,0.018640,0.003000,
images/original/frame_002.gif,1.000000,585.000000,450.000000,0.006973,0.053042,0.004089,
images/original/giphy-3.gif,5.000000,1920.000000,1080.000000,0.133413,2.069926,0.894280,
images/original/Mandelbrot-large.gif,20.000000,1200.000000,1200.000000,0.258089,6.830829,2.190482,
images/original/porsche.gif,1.000000,320.000000,200.000000,0.001178,0.021316,0.001886,
images/original/Produits_sous_linux.gif,1.000000,800.000000,950.000000,0.006966,0.119417,0.010319,
images/original/TimelyHugeGnu.gif,19.000000,640.000000,360.000000,0.060512,0.972830,0.409774,
images/original/tumblr_myxlbtwVEb1qzt4vjo1_r14_500_large.gif,10.000000,480.000000,480.000000,0.046059,0.478007,0.447454,
images/original/051009.vince.gif,1.000000,1484.000000,913.000000,0.027012,0.146345,0.207609,
images/original/1.gif,10.000000,500.000000,500.000000,0.053016,0.563911,0.144962,
images/original/200_s.gif,1.000000,200.000000,200.000000,0.000973,0.021523,0.002045,
images/original/9815573.gif,10.000000,500.000000,281.000000,0.028420,0.272282,0.095962,
images/original/australian-flag-large.gif,1.000000,1200.000000,600.000000,0.005218,0.105737,0.019653,
images/original/Campusplan-Hausnr.gif,1.000000,9932.000000,7016.000000,0.596979,10.904686,0.852757,
images/original/Campusplan-Mobilitaetsbeschraenkte.gif,1.000000,9933.000000,7016.000000,0.613463,10.901297,2.448487,
images/original/fire.gif,33.000000,30.000000,60.000000,0.001868,0.018468,0.004012,
images/original/frame_002.gif,1.000000,585.000000,450.000000,0.005153,0.055558,0.004544,
images/original/giphy-3.gif,5.000000,1920.000000,1080.000000,0.146444,2.209337,0.895160,
images/original/Mandelbrot-large.gif,20.000000,1200.000000,1200.000000,0.251624,7.023015,2.184359,
images/original/porsche.gif,1.000000,320.000000,200.000000,0.002085,0.021722,0.003088,
images/original/Produits_sous_linux.gif,1.000000,800.000000,950.000000,0.014978,0.117466,0.010122,
images/original/TimelyHugeGnu.gif,19.000000,640.000000,360.000000,0.088156,0.975689,0.406716,
images/original/tumblr_myxlbtwVEb1qzt4vjo1_r14_500_large.gif,10.000000,480.000000,480.000000,0.026083,0.476326,0.446009,
images/original/051009.vince.gif,1.000000,1484.000000,913.000000,0.030232,0.147833,0.206894,
images/original/1.gif,10.000000,500.000000,500.000000,0.024899,0.557916,0.143907,
images/original/200_s.gif,1.000000,200.000000,200.000000,0.001049,0.019151,0.001588,
images/original/9815573.gif,10.000000,500.000000,281.000000,0.017848,0.270214,0.095666,
images/original/australian-flag-large.gif,1.000000,1200.000000,600.000000,0.005377,0.108052,0.019984,
images/original/Campusplan-Hausnr.gif,1.000000,9932.000000,7016.000000,0.748444,10.949598,0.851328,
images/original/Campusplan-Mobilitaetsbeschraenkte.gif,1.000000,9933.000000,7016.000000,0.623888,10.898616,2.457478,
images/original/fire.gif,33.000000,30.000000,60.000000,0.002165,0.018696,0.003753,
images/original/frame_002.gif,1.000000,585.000000,450.000000,0.004864,0.048178,0.004244,
images/original/giphy-3.gif,5.000000,1920.000000,1080.000000,0.116783,2.067397,0.902689,
images/original/Mandelbrot-large.gif,20.000000,1200.000000,1200.000000,0.299640,6.828462,2.190055,
images/original/porsche.gif,1.000000,320.000000,200.000000,0.002960,0.018644,0.003491,
images/original/Produits_sous_linux.gif,1.000000,800.000000,950.000000,0.012337,0.126042,0.010420,
images/original/TimelyHugeGnu.gif,19.000000,640.000000,360.000000,0.060500,0.975636,0.406640,
images/original/tumblr_myxlbtwVEb1qzt4vjo1_r14_500_large.gif,10.000000,480.000000,480.000000,0.052014,0.482388,0.446348,
images/original/051009.vince.gif,1.000000,1484.000000,913.000000,0.020443,0.140451,0.206815,
images/original/1.gif,10.000000,500.000000,500.000000,0.048250,0.633903,0.145239,
images/original/200_s.gif,1.000000,200.000000,200.000000,0.000905,0.017071,0.001704,
images/original/9815573.gif,10.000000,500.000000,281.000000,0.031634,0.270871,0.095673,
images/original/australian-flag-large.gif,1.000000,1200.000000,600.000000,0.007661,0.111056,0.019795,
images/original/Campusplan-Hausnr.gif,1.000000,9932.000000,7016.000000,0.598206,10.927855,0.855108,
images/original/Campusplan-Mobilitaetsbeschraenkte.gif,1.000000,9933.000000,7016.000000,0.604202,10.908162,2.463982,
images/original/fire.gif,33.000000,30.000000,60.000000,0.001869,0.021338,0.003816,
images/original/frame_002.gif,1.000000,585.000000,450.000000,0.003744,0.050375,0.003961,
images/original/giphy-3.gif,5.000000,1920.000000,1080.000000,0.133633,2.070275,0.899520,
images/original/Mandelbrot-large.gif,20.000000,1200.000000,1200.000000,0.254924,6.828599,2.183228,
images/original/porsche.gif,1.000000,320.000000,200.000000,0.002188,0.020735,0.002183,
images/original/Produits_sous_linux.gif,1.000000,800.000000,950.000000,0.013614,0.121112,0.010116,
images/original/TimelyHugeGnu.gif,19.000000,640.000000,360.000000,0.084935,1.034907,0.410980,
images/original/tumblr_myxlbtwVEb1qzt4vjo1_r14_500_large.gif,10.000000,480.000000,480.000000,0.032525,0.475014,0.446298,